t,accel_raw,gyro_raw,kalman_angle
0.02,0.503298,-0.259227,0.0303798
0.04,0.29799,0.214056,0.0679882
0.06,0.541149,0.0766509,0.149264
0.08,0.366928,0.152987,0.194296
0.1,0.28458,0.275124,0.217577
0.12,0.419296,0.198788,0.265747
0.14,0.420786,0.145353,0.303508
0.16,0.325233,0.221689,0.311561
0.18,0.283841,0.0308494,0.304977
0.2,0.257782,0.343827,0.298462
0.22,0.338784,0.229323,0.311167
0.24,0.162387,-0.0531201,0.274143
0.26,0.364765,0.114819,0.297235
0.28,0.148609,1.44306,0.282913
0.3,-1.81553,3.24459,-0.173626
0.32,1.19798,4.54993,0.225371
0.34,0.797904,14.3133,0.580141
0.36,-2.00374,43.0919,0.611424
0.38,5.38955,44.9163,2.444
0.4,8.75156,93.1912,5.37796
0.42,11.2664,107.565,8.42917
0.44,11.7305,134.748,11.2698
0.46,15.5734,175.13,14.9649
0.48,16.6284,197.0,18.356
0.5,24.691,213.542,23.1237
0.52,24.0708,250.168,27.1493
0.54,34.2435,250.168,32.656
0.56,50.7193,250.168,40.8054
0.58,60.8119,162.687,48.0949
0.6,55.3933,87.6034,51.1828
0.62,66.2186,107.596,56.4383
0.64,53.1328,140.42,57.7733
0.66,78.6631,124.871,64.7015
0.68,87.9586,18.1454,70.5798
0.7,76.3938,-15.4272,71.7459
0.72,74.598,45.5652,73.1244
0.74,84.3808,82.4431,77.0875
0.76,85.7288,0.336193,79.1741
0.78,79.8619,13.298,79.5412
0.8,79.0567,5.15299,79.5023
0.82,79.7897,5.31329,79.6517
0.84,81.4233,-1.76304,80.0513
0.86,80.94,-1.76304,80.2382
0.88,80.6512,2.55757,80.3761
0.9,79.6585,12.1301,80.3869
0.92,81.5773,7.78658,80.7915
0.94,83.1383,2.41253,81.3931
0.96,82.7532,1.29039,81.7399
0.98,82.8084,-0.259227,81.9929
1.0,82.0004,-1.18289,81.9763
1.02,81.874,-0.587471,81.9423
1.04,82.0995,-1.93098,81.9504
1.06,81.3899,-1.61801,81.7903
1.08,81.8281,-0.549303,81.7906
1.1,82.1867,-2.01495,81.855
1.12,82.1212,-3.3432,81.8679
1.14,80.9282,-0.480601,81.6338
1.16,81.2829,-0.778311,81.537
1.18,82.0074,-5.5493,81.5656
1.2,69.4219,-41.1524,78.0146
1.22,72.2423,-71.6104,75.5363
1.24,77.9982,-91.4272,74.741
1.26,72.2853,-116.878,72.3745
1.28,70.9958,-132.725,70.0269
1.3,65.4463,-110.786,67.241
1.32,64.6175,-118.893,64.8035
1.34,59.8,-75.1066,62.4573
1.36,59.1465,-100.137,60.139
1.38,51.6437,-101.358,56.553
1.4,47.2443,-126.549,52.3886
1.42,43.1491,-126.313,48.2445
1.44,45.0308,-123.603,45.5933
1.46,46.233,-150.717,43.4588
1.48,25.5883,-174.58,36.5025
1.5,26.7602,-156.206,31.7834
1.52,19.9724,-173.526,26.303
1.54,20.3057,-194.0,21.9124
1.56,10.7092,-181.603,16.4558
1.58,7.56626,-173.343,11.682
1.6,4.19797,-105.893,8.27082
1.62,-9.49757,31.2293,4.46356
1.64,2.51612,-6.55694,3.89436
1.66,1.0642,-1.77068,3.18516
1.68,0.285187,-1.88518,2.4574
1.7,0.0945921,-1.53404,1.86439
1.72,-0.0134909,0.175888,1.41417
1.74,-0.743533,1.90108,0.92272
1.76,-0.518922,0.152987,0.577254
1.78,-0.807863,-0.587471,0.234166
1.8,0.435184,-1.47297,0.25978
1.82,0.433231,-1.05312,0.285126
1.84,1.07333,3.42016,0.526495
1.86,0.0269184,4.60337,0.475563
1.88,-0.581595,4.91635,0.295045
1.9,-0.107825,1.04612,0.213408
1.92,-0.0269691,-1.04549,0.139167
1.94,0.161548,-0.0683872,0.143065
1.96,2.03602,4.93161,0.673546
1.98,0.259812,-1.04549,0.557538
2.0,0.600506,-1.55694,0.543798
2.02,0.109291,-3.13709,0.391032
2.04,-0.606496,-4.4348,0.0829169
2.06,-0.276091,-3.54167,-0.0578014
2.08,-2.88869,-5.92335,-0.830223
2.1,-1.06286,-25.1066,-1.26788
2.12,4.25722,-57.7249,-0.813526
2.14,-0.378518,-86.6485,-2.02462
2.16,-2.0365,-137.259,-4.11173
2.18,-35.4945,-250.099,-15.47
2.2,-53.4615,-250.099,-28.4206
2.22,-71.4702,-250.099,-42.5898
2.24,-69.6393,-250.099,-52.9041
2.26,-56.1345,-250.099,-57.4797
2.28,-59.0909,-85.9921,-59.1738
2.3,-60.4377,-22.7401,-59.824
2.32,-102.624,-43.9463,-70.8034
2.34,-94.7224,-105.763,-78.1723
2.36,-87.9945,-98.3966,-82.033
2.38,-90.7986,-79.8241,-85.3572
2.4,-91.8091,-76.1753,-88.0685
2.42,-93.1312,-75.5188,-90.4352
2.44,-98.7567,-73.4806,-93.5561
2.46,-99.8126,-50.4272,-95.8295
2.48,-101.205,-34.9004,-97.6549
2.5,-101.542,-23.4959,-98.9485
2.52,-100.902,-13.8394,-99.6296
2.54,-101.974,-1.22106,-100.213
2.56,-105.65,0.152987,-101.521
2.58,-100.534,8.62627,-101.153
2.6,-100.422,7.14535,-100.869
2.62,-101.334,7.77894,-100.863
2.64,-100.78,7.05375,-100.737
2.66,-104.8,-12.0302,-101.899
2.68,-100.724,4.71024,-101.545
2.7,-100.865,3.27512,-101.332
2.72,-101.062,4.29803,-101.202
2.74,-101.016,5.03848,-101.081
2.76,-102.997,4.611,-101.473
2.78,-98.6662,19.3896,-100.503
2.8,-100.589,27.8629,-100.101
2.82,-85.1404,72.9087,-95.3902
2.84,-68.833,176.237,-86.3167
2.86,-85.488,158.084,-83.7176
2.88,-52.5013,139.237,-74.0833
2.9,-88.5659,126.351,-75.6549
2.92,-82.592,95.5194,-75.8765
2.94,-42.4959,188.519,-64.9726
2.96,-77.066,240.985,-64.2282
2.98,-65.3341,213.611,-61.2522
3.0,34.8393,198.832,-35.0829
3.02,-20.0602,250.168,-27.666
3.04,-37.1419,250.168,-26.1516
3.06,-37.4664,250.168,-25.0802
3.08,-31.5319,250.168,-22.8371
3.1,-16.4979,223.206,-17.9217
3.12,-8.31649,177.038,-12.9203
3.14,6.77033,149.687,-5.90424
3.16,1.01344,-2.25923,-4.27232
3.18,-5.38048,13.8934,-4.32884
3.2,-6.52705,-2.28213,-4.89356
3.22,-5.93098,-20.2363,-5.45117
3.24,-0.127147,0.290391,-4.16451
3.26,-2.58392,-0.930983,-3.79829
3.28,0.366928,-0.663807,-2.8053
3.3,-0.148785,0.0842845,-2.16445
3.32,-0.0947485,-0.0149521,-1.66648
3.34,-0.311167,0.0461166,-1.3397
3.36,-0.21667,0.0537502,-1.06877
3.38,-0.258517,0.038483,-0.873428
3.4,0.230976,-0.343196,-0.613011
3.42,0.396363,-1.38136,-0.391251
3.44,-0.244562,0.152987,-0.354042
3.46,-0.0410429,-0.86228,-0.292178
3.48,-0.217389,0.206422,-0.271481