t,accel_raw,gyro_raw,kalman_angle
0.0,-92.12629,-4.079005e-5,-92.11073
0.0029999998,-92.0188,-0.0016723967,-92.110756
0.0059999996,-92.17155,-0.0024882,-92.11146
0.009,-91.99062,-0.0054017827,-92.11166
0.011999999,-92.22253,-0.007383019,-92.11374
0.018,-92.32673,-0.011112406,-92.11912
0.020999998,-92.58217,-0.011462035,-92.12668
0.023999998,-92.77991,-0.013093643,-92.137886
0.026999999,-93.10462,-0.014259077,-92.15519
0.029999997,-93.13111,-0.011345492,-92.17387
0.032999996,-93.22402,-0.0070333895,-92.194954
0.036,-93.22472,-0.0034205464,-92.21701
0.038999997,-93.10553,0.00030883987,-92.23736
0.041999996,-92.94317,0.0040382263,-92.254585
0.044999998,-92.644104,0.0080007,-92.26465
0.047999997,-92.41625,0.009981936,-92.26882
0.050999995,-92.26677,0.011730085,-92.26867
0.053999998,-92.025085,0.011030825,-92.26132
0.059999995,-93.55183,0.0080007,-92.30675
0.06299999,-91.79079,0.0055532893,-92.29019
0.06599999,-90.01403,0.0045043994,-92.20748
0.069,-91.94765,0.0018239032,-92.19757
0.072,-91.88188,0.00042538322,-92.18499
0.077999994,-91.88097,-0.0013227668,-92.17199
0.08099999,-92.154854,-0.00050696346,-92.17094
0.08399999,-92.112526,0.0005419266,-92.16775
0.087,-92.29932,0.0018239032,-92.173294
0.089999996,-91.90588,0.0006584699,-92.159706
0.092999995,-91.95992,-0.00085659337,-92.14912
0.09599999,-91.93696,-0.0016723967,-92.13752
0.09899999,-92.033394,-0.0030709163,-92.13137
0.10199999,-92.07239,-0.00528524,-92.127785
0.10499999,-92.31329,-0.0076161064,-92.138
0.107999995,-92.67406,-0.009014626,-92.16874
0.110999994,-92.90468,-0.008664995,-92.21221
0.11399999,-92.97532,-0.008315367,-92.25897
0.11699999,-92.9405,-0.00493561,-92.30212
0.11999999,-93.17712,-0.00027387674,-92.35777
0.12299999,-93.14969,0.0024066197,-92.40992
0.12599999,-92.8931,0.0047374866,-92.44434
0.129,-92.60954,0.006835266,-92.459595
0.13199998,-92.43605,0.009632305,-92.46279
0.13499999,-92.27772,0.010681196,-92.45544
0.138,-92.14556,0.0083503295,-92.439995
0.14099999,-91.99959,0.006485636,-92.41567
0.144,-92.0897,0.0034555097,-92.3984
0.14999999,-92.22798,0.0010080999,-92.39868
0.15299998,-92.2721,0.016857991,-92.391304
0.15599999,-92.35358,0.0015908164,-92.3921
0.159,-92.14653,0.0024066197,-92.378624
0.16199999,-92.13539,0.0011246431,-92.36501
0.16499999,-92.258194,0.0024066197,-92.360016
0.16799998,-92.18456,-0.0125109255,-92.35249
0.17099999,-92.170845,-0.012627468,-92.34419
0.174,-92.223885,0.0018239032,-92.33746
0.17699999,-92.22798,-0.00015733328,-92.33156
0.17999999,-92.00008,-0.00050696346,-92.3101
0.18299998,-92.100876,-0.0016723967,-92.29669
0.18599999,-92.108345,-0.0020220266,-92.28439
0.18899998,-92.29285,-0.0033040033,-92.28568
0.19199999,-92.33459,-0.0033040033,-92.289825
0.195,-92.472565,-0.0030709163,-92.3034
0.19799998,-92.50627,-0.0038867197,-92.31886
0.20099999,-92.55646,-0.0030709163,-92.337006
0.20399998,-92.61625,-0.0041198065,-92.35869
0.20699999,-92.63468,-0.0035370898,-92.38056
0.20999998,-92.498085,-0.0034205464,-92.39175
0.21299998,-92.50596,-0.0029543734,-92.40282
0.21599999,-92.67929,-0.0034205464,-92.42566
0.21899998,-92.84252,-0.002604743,-92.4588
0.22199999,-92.81266,-0.00085659337,-92.48796
0.22499998,-92.75995,0.0015908164,-92.511566
0.22799999,-92.74228,-0.01227784,-92.53494
0.23099999,-92.49016,0.005203659,-92.53637
0.23399998,-92.32531,0.006485636,-92.52568
0.23699999,-92.29313,0.0083503295,-92.51277
0.23999998,-92.373955,0.006718723,-92.50637
0.24299999,-92.18183,0.006369093,-92.486534
0.24599998,-91.95855,0.005203659,-92.45181
0.24899998,-92.15275,0.0034555097,-92.43271
0.25199997,-92.02738,0.0022900763,-92.40568
0.255,-92.04716,0.016741449,-92.37893
0.258,-92.24711,-0.00015733328,-92.3704
0.26099998,-92.342026,-0.00085659337,-92.36913
0.26399997,-92.33345,-0.0013227668,-92.36736
0.267,-92.51118,-0.00085659337,-92.37826
0.26999998,-92.448715,-4.079005e-5,-92.38405
0.27299997,-92.361725,-0.00027387674,-92.38337
0.276,-92.43071,-0.00050696346,-92.38767
0.27899998,-92.470406,0.0006584699,-92.39439
0.28199998,-92.53919,0.0010080999,-92.40565
0.28499997,-92.358765,0.0007750131,-92.40349
0.288,-92.463936,-0.00027387674,-92.409096
0.29099998,-92.54137,0.0006584699,-92.41978
0.29399997,-92.44722,0.0006584699,-92.42322
0.297,-92.3696,0.0017073598,-92.42073
0.29999998,-92.3507,-0.0125109255,-92.41924
0.30299997,-92.35617,0.0014742732,-92.41589
0.30599996,-92.36729,0.0019404466,-92.413376
0.309,-92.35358,0.0007750131,-92.41017
0.31199998,-92.32758,-0.00085659337,-92.40547
0.31499997,-92.456535,-0.00050696346,-92.41013
0.318,-92.34088,-0.00085659337,-92.406334
0.32099998,-92.46733,0.00030883987,-92.411545
0.32399997,-92.27745,-0.00039041997,-92.403
0.327,-92.39933,0.00042538322,-92.40343
0.32999998,-92.25738,0.0018239032,-92.39343
0.33299997,-92.27128,0.0033389663,-92.38464
0.33599997,-92.2177,0.003921683,-92.37234
0.339,-92.08729,0.0033389663,-92.351364
0.34199998,-91.95067,0.0011246431,-92.321945
0.34499997,-92.01201,-0.00039041997,-92.29855
0.348,-92.12942,-0.0019054832,-92.28493
0.35099998,-92.28303,-0.0048190663,-92.28344
0.35399997,-92.318596,-0.005751413,-92.28475
0.35699996,-92.60765,-0.0076161064,-92.30703
0.35999998,-92.61857,-0.0058679567,-92.3288
0.36299998,-92.728966,-0.0066837594,-92.3576
0.36599997,-92.62352,-0.00528524,-92.37728
0.369,-92.57524,-0.0033040033,-92.392265
0.37199998,-92.82712,-0.0034205464,-92.4246
0.37499997,-92.71297,-0.002604743,-92.447075
0.37799996,-92.762215,-0.0016723967,-92.47185
0.38099998,-92.72331,0.00019229665,-92.492325
0.38399997,-92.56659,0.0018239032,-92.50029
0.38699996,-92.52961,0.0005419266,-92.50538
0.39,-92.58985,0.0010080999,-92.51438
0.39299998,-92.57964,0.0026397062,-92.5219
0.39599997,-92.66803,-0.01227784,-92.5377
0.39899996,-92.5434,0.0027562499,-92.5413
0.40199998,-92.420296,0.003921683,-92.53564
0.40499997,-92.42247,0.0045043994,-92.53023
0.40799996,-92.22716,0.0043878565,-92.51102
0.41099998,-92.27461,0.0026397062,-92.496315
0.41399997,-92.21742,0.003921683,-92.477936
0.41699997,-92.12317,0.0005419266,-92.454155
0.41999996,-92.29005,0.0014742732,-92.44324
0.42299998,-92.18965,0.0006584699,-92.42575
0.42599997,-92.30295,-0.00050696346,-92.41735
0.42899996,-92.327866,-0.002604743,-92.41146
0.43199998,-92.58692,-0.00318746,-92.42447
0.43499997,-92.46552,-0.0038867197,-92.428276
0.43799996,-92.626076,-0.002604743,-92.44319
0.44099995,-92.45333,-0.0020220266,-92.44491
0.44399998,-92.565956,-0.0024882,-92.45467
0.44699997,-92.675026,-0.0020220266,-92.47169
0.44999996,-92.62825,-0.0016723967,-92.484474
0.45299998,-92.68879,-0.0009731366,-92.50084
0.45599997,-92.83031,0.0006584699,-92.52629
0.45899996,-92.691414,0.00019229665,-92.54062
0.46199998,-92.58438,-0.011811666,-92.54847
0.46499997,-92.60129,0.0031058798,-92.55466
0.46799996,-92.58349,0.003921683,-92.55909
0.47099996,-92.56941,0.0036885964,-92.56227
0.47399998,-92.46516,0.0031058798,-92.55788
0.47699997,-92.3068,0.003572053,-92.54218
0.47999996,-92.313225,0.0018239032,-92.527916
0.48299998,-92.39845,0.0011246431,-92.52046
0.48599997,-92.489845,0.0024066197,-92.51964
0.48899996,-92.64771,0.0017073598,-92.53025
0.49199995,-92.49138,0.0019404466,-92.52909
0.49499997,-92.37922,0.0022900763,-92.519844
0.49799997,-92.35531,0.003572053,-92.50907
0.501,-92.21445,0.0034555097,-92.4887
0.50399995,-92.2177,0.0019404466,-92.46974
0.50699997,-92.37893,-0.00143931,-92.46372
0.51,-92.40815,-0.0024882,-92.460236
0.51299995,-92.39879,-0.0041198065,-92.4565
0.516,-92.417435,-0.0038867197,-92.45421
0.519,-92.52817,-0.0030709163,-92.45982
0.52199996,-92.54511,-0.0034205464,-92.46642
0.525,-92.257545,-0.0038867197,-92.45219
0.52799994,-92.42936,-0.004003263,-92.45091
0.53099996,-92.666245,-0.0029543734,-92.46649
0.534,-92.625435,-0.00108968,-92.478134
0.53699994,-92.65276,-0.0009731366,-92.49116
0.53999996,-92.70366,-0.00015733328,-92.50708
0.543,-92.78826,-0.00050696346,-92.52835
0.54599994,-92.92222,0.0031058798,-92.557625
0.54899997,-92.6248,0.0054367464,-92.563835
0.552,-92.54745,0.006369093,-92.564026
0.55499995,-92.68901,0.005669833,-92.574425
0.561,-92.502914,0.006485636,-92.57456
0.56399995,-92.4194,0.0055532893,-92.56499
0.567,-92.49777,0.006136006,-92.56133
0.56999993,-92.25192,0.005203659,-92.54035
0.57299995,-92.40113,0.0048540295,-92.53106
0.576,-92.235,0.016857991,-92.50837
0.57899994,-92.24394,0.0010080999,-92.489944
0.58199996,-92.328156,-0.00050696346,-92.47864
0.585,-92.226265,-0.00213857,-92.4608
0.58799994,-92.45343,-0.00085659337,-92.45986
0.59099996,-92.37457,-0.0013227668,-92.4534
0.594,-92.39089,-0.00050696346,-92.44829
0.59699994,-92.41832,0.00042538322,-92.44525
0.59999996,-92.43635,-0.011928209,-92.44564
0.603,-92.30323,0.003572053,-92.43397
0.60599995,-92.372536,0.003222423,-92.42791
0.60899997,-92.331856,0.002523163,-92.41937
0.6119999,-92.39179,-0.00039041997,-92.41603
0.61499995,-92.62068,-0.00213857,-92.42956
0.618,-92.59938,-0.0029543734,-92.44109
0.62099993,-92.71831,-0.00283783,-92.46061
0.62399995,-92.52817,-0.00108968,-92.465324
0.627,-92.59142,-0.00108968,-92.474365
0.62999994,-92.48287,0.0005419266,-92.474945
0.63299996,-92.540924,-4.079005e-5,-92.479744
0.636,-92.672935,0.0012411865,-92.493576
0.63899994,-92.55321,0.0011246431,-92.4982
0.64199996,-92.43321,0.0015908164,-92.493935
0.645,-92.48681,0.0026397062,-92.49353
0.65099996,-92.45363,0.005320203,-92.490906
0.654,-92.47921,0.006835266,-92.48942
0.65699995,-92.04215,0.006835266,-92.45671
0.65999997,-91.96237,0.0071848957,-92.41977
0.6629999,-92.085236,0.006136006,-92.39356
0.66599995,-92.0173,0.0034555097,-92.36419
0.66899997,-92.05419,0.0019404466,-92.33913
0.67199993,-92.21829,-0.0017889402,-92.32765
0.67499995,-92.33128,-0.0024882,-92.325
0.678,-92.37018,-0.0024882,-92.32535
0.68099993,-92.512344,-0.004702523,-92.33629
0.68399996,-92.3306,-0.0038867197,-92.33363
0.687,-92.2892,-0.00493561,-92.32837
0.69299996,-92.58728,-0.0070333895,-92.34045
0.696,-92.65276,-0.0070333895,-92.36147
0.69899994,-92.82072,-0.00423635,-92.39315
0.70199996,-92.86205,-0.004003263,-92.42632
0.7049999,-92.761536,-0.0017889402,-92.4504
0.70799994,-92.72696,-0.00050696346,-92.47067
0.71099997,-92.75382,0.0010080999,-92.49168
0.7139999,-92.76313,0.0040382263,-92.51187
0.71699995,-92.548676,0.005320203,-92.51552
0.72299993,-92.418915,0.0076510687,-92.51207
0.72599995,-92.41773,0.006718723,-92.50599
0.729,-92.186386,0.007068353,-92.48355
0.73199993,-92.19366,0.0043878565,-92.4631
0.73499995,-92.15697,0.002523163,-92.44124
0.738,-92.325874,0.0026397062,-92.432495
0.74099994,-92.11642,0.0006584699,-92.40946
0.74399996,-92.152214,-0.0009731366,-92.39036
0.7469999,-92.32559,-0.002604743,-92.38483
0.74999994,-92.40285,-0.00493561,-92.38549
0.75299996,-92.43352,-0.00423635,-92.388214
0.7559999,-92.36555,-0.0051686964,-92.386116
0.75899994,-92.56377,-0.0030709163,-92.398
0.76199996,-92.72897,-0.0035370898,-92.42126
0.7649999,-92.69937,-0.0017889402,-92.44104
0.76799995,-92.614296,-0.00050696346,-92.45361
0.77099997,-92.74228,0.016508363,-92.47206
0.7739999,-92.60191,0.0022900763,-92.48191
0.77699995,-92.477356,0.0034555097,-92.482185
0.78,-92.39324,0.0034555097,-92.4764
0.78299993,-92.54683,0.003222423,-92.48191
0.78599995,-92.42888,0.0027562499,-92.478775
0.789,-92.64297,0.016857991,-92.48885
0.79199994,-92.445724,0.016857991,-92.484375
0.79499996,-92.5816,0.0026397062,-92.49215
0.7979999,-92.420296,0.0024066197,-92.48803
0.80099994,-92.216064,0.0018239032,-92.469536
0.80399996,-92.26114,0.00030883987,-92.45533
0.8069999,-92.437836,-0.00039041997,-92.45455
0.80999994,-92.46582,-0.0009731366,-92.45589
0.81299996,-92.34216,-0.00085659337,-92.44827
0.8159999,-92.54464,-0.0019054832,-92.455666
0.81899995,-92.532684,-0.0009731366,-92.461685
0.82199997,-92.53751,-0.00039041997,-92.46768
0.8249999,-92.521484,-0.00027387674,-92.47221
0.82799995,-92.54745,0.00030883987,-92.47828
0.831,-92.50234,0.0006584699,-92.48075
0.83399993,-92.66836,0.0015908164,-92.49485
0.83699995,-92.70767,0.0020569898,-92.51102
0.8399999,-92.85592,0.0027562499,-92.53689
0.84299994,-92.4938,0.005786376,-92.535126
0.84599996,-92.378365,0.005320203,-92.52521
0.8489999,-92.43083,0.007417983,-92.519135
0.85199994,-92.34686,0.0080007,-92.50722
0.85499996,-92.24381,0.006835266,-92.488655
0.8579999,-92.261505,0.006485636,-92.472275
0.86099994,-92.09235,0.005669833,-92.44466
0.86399996,-92.16267,0.003572053,-92.42372
0.8669999,-92.2288,0.0011246431,-92.4089
0.86999995,-92.100296,-0.0020220266,-92.38608
0.87299997,-92.31024,-0.0038867197,-92.37969
0.8759999,-92.37544,-0.0063341297,-92.37868
0.87899995,-92.63243,-0.006800303,-92.39621
0.8819999,-92.82634,-0.006217587,-92.42675
0.88499993,-92.827545,-0.0044694366,-92.45568
0.88799995,-92.86345,-0.0020220266,-92.48544
0.8909999,-92.90811,0.00030883987,-92.51664
0.89399993,-92.75691,0.0026397062,-92.53514
0.89699996,-92.62352,0.0060194633,-92.54267
0.8999999,-92.65429,0.0080007,-92.5517
0.90299994,-92.383606,0.009632305,-92.54062
0.90599996,-92.09328,0.008816502,-92.509384
0.9089999,-92.17074,0.005320203,-92.48566
0.91199994,-92.03689,0.0031058798,-92.453804
0.91499996,-92.19046,-0.0009731366,-92.43507
0.9179999,-92.39823,-0.0024882,-92.43233
0.92099994,-92.53126,-0.0044694366,-92.439575
0.92399997,-92.370224,-0.0044694366,-92.43494
0.9269999,-92.495636,-0.00423635,-92.43945
0.92999995,-92.65747,-0.0033040033,-92.45519
0.9329999,-92.57461,-0.0017889402,-92.46403
0.93599993,-92.512955,-0.0019054832,-92.46804
0.93899995,-92.73693,-4.079005e-5,-92.487595
0.94499993,-92.63685,0.0027562499,-92.499626
0.94799995,-92.47221,0.005320203,-92.49785
0.9509999,-92.44424,0.0055532893,-92.49411
0.95399994,-92.41812,0.006835266,-92.488464
0.95699996,-92.23572,0.005203659,-92.47029
0.9599999,-92.226074,0.005203659,-92.45227
0.96299994,-92.25192,0.004271313,-92.437096
0.96599996,-92.37018,0.0014742732,-92.43157
0.9689999,-92.35233,0.00019229665,-92.42525
0.97199994,-92.48134,-0.0016723967,-92.42879
0.9749999,-92.46304,-0.00213857,-92.43092
0.9779999,-92.49229,-0.0033040033,-92.43526
0.98099995,-92.45364,-0.0017889402,-92.43638
0.9839999,-92.640495,-0.0020220266,-92.450874
0.9869999,-92.69395,-0.0017889402,-92.46848
0.98999995,-92.64007,-4.079005e-5,-92.48113
0.9929999,-92.65308,0.0015908164,-92.493866
0.99599993,-92.47161,0.0027562499,-92.492805
0.99899995,-92.56888,0.0034555097,-92.498634
1.002,-92.31888,0.0043878565,-92.48612
1.0049999,-92.24547,0.0045043994,-92.46891
1.0079999,-92.34515,0.0029893364,-92.459885
1.0109999,-92.316696,0.0026397062,-92.4493
1.0139999,-92.49382,0.0014742732,-92.45209
1.017,-92.43083,-4.079005e-5,-92.450485
1.02,-92.38973,-0.0013227668,-92.44622
1.0229999,-92.5549,-0.0009731366,-92.453926
1.0259999,-92.36787,-0.00015733328,-92.44775
1.0289999,-92.504166,-0.00050696346,-92.45168
1.032,-92.54713,-0.00015733328,-92.45844
1.035,-92.47342,-0.0013227668,-92.45981
1.038,-92.479485,-0.00213857,-92.46166
1.0409999,-92.48863,-0.0009731366,-92.46389
1.0439999,-92.544334,-0.00015733328,-92.46987
1.0469999,-92.5294,0.0010080999,-92.474304
1.05,-92.7057,0.0010080999,-92.49116
1.053,-92.53998,0.0019404466,-92.49521
1.0559999,-92.60161,-0.0125109255,-92.50577
1.0589999,-92.63307,0.003921683,-92.51538
1.0619999,-92.433815,0.0054367464,-92.51003
1.0649999,-92.31471,0.005669833,-92.496346
1.068,-92.28079,0.0047374866,-92.481
1.071,-92.32873,0.0022900763,-92.47019
1.0739999,-92.27601,0.0010080999,-92.45632
1.0769999,-92.28333,-0.0009731366,-92.44393
1.0799999,-92.54527,-0.00213857,-92.45106
1.083,-92.68104,-0.002604743,-92.46767
1.086,-92.73866,-0.0016723967,-92.48749
1.0889999,-92.59811,-0.0013227668,-92.49624
1.0919999,-92.58381,-0.00085659337,-92.50346
1.0949999,-92.65405,0.00030883987,-92.51518
1.0979999,-92.46829,0.0006584699,-92.51295
1.101,-92.63855,0.0014742732,-92.522865
1.104,-92.50933,0.0024066197,-92.522896
1.1069999,-92.49686,0.0022900763,-92.52201
1.1099999,-92.40837,-0.012627468,-92.51719
1.1129999,-92.56188,0.0019404466,-92.52117
1.1159999,-92.40025,0.0018239032,-92.51339
1.119,-92.42948,0.0026397062,-92.507904
1.122,-92.35531,0.0015908164,-92.49752
1.1249999,-92.30629,0.0006584699,-92.48424
1.1279999,-92.48073,-0.0009731366,-92.48433
1.1309999,-92.5515,-0.00108968,-92.48948
1.134,-92.53648,-0.0009731366,-92.49329
1.137,-92.54729,-0.00039041997,-92.4976
1.1399999,-92.60765,-0.00039041997,-92.50601
1.1429999,-92.76863,0.0010080999,-92.52533
1.1459999,-92.79031,0.0010080999,-92.545296
1.1489999,-92.49016,0.0022900763,-92.542595
1.152,-92.46342,0.0026397062,-92.53801
1.155,-92.5154,0.0022900763,-92.5374
1.1579999,-92.57548,0.0026397062,-92.54103
1.1609999,-92.39699,0.0014742732,-92.53187
1.1639999,-92.3833,0.0011246431,-92.52217
1.1669999,-92.38682,-0.00039041997,-92.513405
1.17,-92.411095,-0.0012062233,-92.5069
1.173,-92.32417,-0.0017889402,-92.49452
1.1759999,-92.43932,-0.0024882,-92.49106
1.1789999,-92.55758,-0.0038867197,-92.49645
1.1819999,-92.78297,-0.0054017827,-92.51796
1.185,-92.72764,-0.0033040033,-92.534134
1.188,-92.79815,-0.00318746,-92.55456
1.1909999,-92.72527,0.00030883987,-92.56823
1.1939999,-92.659096,0.016741449,-92.573845
1.1969999,-92.622284,0.0026397062,-92.57885
1.1999999,-92.56001,0.0034555097,-92.57898
1.203,-92.37544,0.0026397062,-92.56598
1.206,-92.51633,0.0026397062,-92.56364
1.2089999,-92.42039,0.0031058798,-92.554405
1.2119999,-92.29033,0.0022900763,-92.53641
1.2149999,-92.29594,0.0021735332,-92.51963
1.2179999,-92.43262,0.0007750131,-92.51363
1.221,-92.405205,0.00030883987,-92.50603
1.2239999,-92.499275,-0.0013227668,-92.50577
1.2269999,-92.38595,-0.0017889402,-92.497475
1.2299999,-92.48224,-0.0029543734,-92.496635
1.2329999,-92.48863,-0.0038867197,-92.49643
1.236,-92.78928,-0.0037701768,-92.51775
1.239,-92.85051,-0.0041198065,-92.54253
1.2419999,-92.86171,-0.0017889402,-92.566536
1.2449999,-92.85996,-0.0009731366,-92.58914
1.2479999,-92.78248,0.0014742732,-92.60472
1.2509999,-92.71334,0.0019404466,-92.614494
1.254,-92.69667,0.0043878565,-92.62218
1.257,-92.44334,0.003222423,-92.6115
1.2599999,-92.56209,0.005203659,-92.60944
1.2629999,-92.400505,0.0034555097,-92.59615
1.2659999,-92.435,0.0027562499,-92.58601
1.2689999,-92.302666,0.0013577299,-92.567055
1.272,-92.332146,0.00030883987,-92.551216
1.2749999,-92.2617,-0.00213857,-92.53144
1.2779999,-92.39646,-0.00423635,-92.522545
1.2809999,-92.53095,-0.0058679567,-92.523926
1.2839999,-92.6643,-0.0066837594,-92.53491
1.287,-92.77021,-0.007965736,-92.55315
1.29,-92.91438,-0.007849193,-92.58081
1.2929999,-92.83902,-0.0061010425,-92.60146
1.2959999,-92.84461,-0.0048190663,-92.621284
1.2989999,-92.784706,-0.0020220266,-92.63539
1.3019999,-92.67307,-0.00015733328,-92.64048
1.305,-92.73431,0.0027562499,-92.64919
1.308,-92.56888,0.003222423,-92.645515
1.3109999,-92.54822,0.0015908164,-92.64073
1.3139999,-92.36844,0.0010080999,-92.62334
1.3169999,-92.46274,-0.00015733328,-92.613625
1.323,-92.46033,-4.079005e-5,-92.607155
1.3259999,-92.59905,-0.0012062233,-92.60794
1.3289999,-92.63629,-0.0024882,-92.61154
1.3349999,-92.77517,-0.0013227668,-92.62727
1.3379999,-92.79133,0.00030883987,-92.64047
1.341,-92.78161,0.0007750131,-92.652245
1.3439999,-92.55699,0.0021735332,-92.64712
1.3469999,-92.70168,0.0019404466,-92.65259
1.3499999,-92.47824,0.0018239032,-92.64176
1.3529999,-92.63801,0.016857991,-92.64045
1.356,-92.65405,0.0005419266,-92.642975
1.3589998,-92.53826,-4.079005e-5,-92.63714
1.3619999,-92.605736,0.0007750131,-92.63624
1.3649999,-92.57839,0.00019229665,-92.63348
1.3679999,-92.5787,0.0006584699,-92.630745
1.3709999,-92.52282,0.00030883987,-92.62417
1.374,-92.64168,0.0007750131,-92.62631
1.3769999,-92.744995,0.00030883987,-92.6358
1.3799999,-92.39324,0.0007750131,-92.619545
1.3829999,-92.57194,0.0011246431,-92.61677
1.3859999,-92.409035,0.0010080999,-92.602455
1.3889999,-92.44782,0.0006584699,-92.59162
1.392,-92.594284,0.0010080999,-92.59172
1.3949999,-92.61593,0.00042538322,-92.59346
1.3979999,-92.60765,-0.0016723967,-92.59486
1.4009999,-92.55646,0.00030883987,-92.5922
1.4039999,-92.56628,0.0015908164,-92.59016
1.407,-92.63596,0.0008915565,-92.59333
1.4099998,-92.60829,0.0014742732,-92.59427
1.4129999,-92.74198,0.0007750131,-92.60486
1.4159999,-92.48651,0.00030883987,-92.59674
1.4189999,-92.71706,0.0011246431,-92.60536
1.4219999,-92.70109,0.0013577299,-92.61242
1.425,-92.664955,0.003921683,-92.61613
1.4279999,-92.61781,0.006369093,-92.615906
1.4309999,-92.63726,0.0048540295,-92.61733
1.4339999,-92.373085,0.0055532893,-92.59966
1.4369999,-92.37454,0.0031058798,-92.58331
1.4399999,-92.35444,0.0014742732,-92.56655
1.443,-92.230896,0.00019229665,-92.54193
1.4459999,-92.35703,-0.00050696346,-92.527626
1.4489999,-92.53733,-0.0030709163,-92.52734
1.4519999,-92.45823,-0.0037701768,-92.52153
1.4549999,-92.622345,-0.0024882,-92.52757
1.458,-92.76536,-0.0045859795,-92.543945
1.4639999,-92.91616,-0.0037701768,-92.56873
1.4669999,-92.97391,-0.00085659337,-92.5976
1.4699999,-92.8659,0.00019229665,-92.61723
1.4729999,-92.846344,0.003921683,-92.63394
1.476,-92.5554,0.0047374866,-92.62891
1.4789999,-92.50841,0.0040382263,-92.62081
1.4819999,-92.39735,0.0031058798,-92.60528
1.4849999,-92.46304,0.0019404466,-92.59535
1.4879999,-92.39646,0.0011246431,-92.58124
1.4909999,-92.640495,0.0006584699,-92.58533
1.4939998,-92.63791,0.00042538322,-92.589096
1.4969999,-92.82885,-0.00015733328,-92.606445
1.4999999,-92.8991,0.00030883987,-92.62795
1.5029999,-92.63643,0.0014742732,-92.62944
1.5059999,-92.679405,0.003222423,-92.63364
1.509,-92.56816,0.0048540295,-92.62938
1.5119998,-92.510864,0.0034555097,-92.621445
1.5149999,-92.27992,0.0031058798,-92.59736
1.5179999,-92.40555,0.0018239032,-92.583595
1.5209999,-92.28836,-0.0009731366,-92.56253
1.5239999,-92.33145,-0.0027212864,-92.5458
1.527,-92.708664,-0.0038867197,-92.55706
1.5299999,-92.68104,-0.0037701768,-92.56582
1.5329999,-92.75631,-0.0027212864,-92.57939
1.5359999,-92.80157,-0.0013227668,-92.59536
1.5389999,-92.7073,-0.00050696346,-92.60368
1.5419999,-92.684975,0.0006584699,-92.60984
1.5449998,-92.759605,0.0014742732,-92.62092
1.5479999,-92.6997,0.0019404466,-92.627106
1.5509999,-92.60447,0.0034555097,-92.62593
1.5539999,-92.57971,0.0055532893,-92.62269
1.5569999,-92.56471,0.0040382263,-92.61875
1.56,-92.47981,0.003921683,-92.60893
1.5629998,-92.46823,0.0046209428,-92.598625
1.5689999,-92.40579,0.003921683,-92.58447
1.5719999,-92.397934,0.0026397062,-92.5706
1.5749999,-92.410515,0.0010080999,-92.558556
1.578,-92.46877,-0.00039041997,-92.55148
1.5809999,-92.37226,-0.0009731366,-92.53792
1.5839999,-92.50505,-0.0009731366,-92.53453
1.5869999,-92.69502,-0.0017889402,-92.54506
1.5899999,-92.57643,-0.00143931,-92.546585
1.5929999,-92.913925,-0.0017889402,-92.57228
1.5989999,-92.71966,-0.00050696346,-92.581894
1.6019999,-92.709335,0.0011246431,-92.59088
1.6049999,-92.488945,0.0017073598,-92.583565
1.6079999,-92.65192,0.0034555097,-92.58799
1.611,-92.65308,-0.01227784,-92.5948
1.6139998,-92.45373,0.017091079,-92.5823
1.6169999,-92.46793,0.0018239032,-92.573875
1.6199999,-92.53795,0.0006584699,-92.57105
1.6229999,-92.5218,0.0006584699,-92.567215
1.6259999,-92.631226,-0.00027387674,-92.57155
1.6289998,-92.64471,-0.00015733328,-92.576645
1.6319999,-92.63026,-0.0009731366,-92.5806
1.6349999,-92.62287,-0.00062350667,-92.58378
1.6379999,-92.914154,-0.00050696346,-92.60766
1.6409999,-92.62287,0.0015908164,-92.609215
1.6439999,-92.48226,0.003222423,-92.60036
1.6469998,-92.40668,0.003222423,-92.586494
1.6499999,-92.483154,0.0034555097,-92.5787
1.6529999,-92.41133,0.0018239032,-92.566414
1.6559999,-92.45052,0.0015908164,-92.55753
1.6589999,-92.295654,0.0018239032,-92.53797
1.662,-92.44813,-0.00050696346,-92.53062
1.6649998,-92.46424,-0.002604743,-92.52513
1.6679999,-92.771904,-0.0017889402,-92.54182
1.6709999,-92.67667,-0.0033040033,-92.55118
1.6739999,-92.75928,-0.0035370898,-92.56607
1.6769999,-92.81418,-0.0024882,-92.58403
1.6799998,-92.867294,-0.00143931,-92.604805
1.6829998,-92.86833,-0.00108968,-92.62461
1.6859999,-92.84738,-0.00039041997,-92.64185
1.6889999,-92.776306,0.0010080999,-92.65295
1.6919999,-92.77856,0.003572053,-92.66322
1.6949999,-92.70564,0.0043878565,-92.66764
1.6979998,-92.788445,0.003921683,-92.67783
1.7009999,-92.60256,0.006369093,-92.67379
1.7039999,-92.30376,0.005320203,-92.64866
1.7069999,-92.44334,0.005203659,-92.63469
1.7099999,-92.632835,0.003572053,-92.63518
1.7129999,-92.45934,0.0010080999,-92.62361
1.7159998,-92.65925,0.00030883987,-92.626976
1.7189999,-92.70426,-0.00039041997,-92.63351
1.7219999,-92.72831,-0.00050696346,-92.64144
1.7249999,-92.5645,-4.079005e-5,-92.63718
1.7309998,-92.51572,-0.00015733328,-92.63177
1.7339998,-92.567215,-4.079005e-5,-92.62802
1.7369999,-92.65437,-0.00143931,-92.630875
1.7399999,-92.586334,-0.00015733328,-92.6285
1.7459999,-92.64297,0.0015908164,-92.63143
1.7489998,-92.66658,0.00042538322,-92.634605
1.7519999,-92.52879,0.00042538322,-92.627754
1.7549999,-92.6806,0.0006584699,-92.63205
1.7579999,-92.57233,0.0014742732,-92.628235
1.7609999,-92.54216,0.0005419266,-92.62257
1.7639998,-92.79662,0.00042538322,-92.6354
1.7669998,-92.66446,0.0010080999,-92.63806
1.7699999,-92.684975,0.0013577299,-92.642
1.7729999,-92.54932,0.0011246431,-92.636055
1.7759999,-92.612434,-4.079005e-5,-92.63508
1.7789999,-92.444115,-4.079005e-5,-92.62206
1.7819998,-92.662834,-0.0020220266,-92.625626
1.7849998,-92.62068,-0.0033040033,-92.626205
1.7879999,-92.57971,-0.0037701768,-92.62385
1.7909999,-92.679405,-0.0024882,-92.62853
1.7939999,-92.827805,-0.0024882,-92.6436
1.7969999,-92.94623,-0.00213857,-92.66638
1.7999998,-92.87146,0.00030883987,-92.68232
1.8029999,-92.928856,-0.01227784,-92.703606
1.8059999,-92.80959,0.0045043994,-92.71258
1.8089999,-92.53982,0.0054367464,-92.70162
1.8119999,-92.474594,0.0055532893,-92.68645
1.8179998,-92.26677,0.005203659,-92.65957
1.8209999,-92.26455,0.017091079,-92.62935
1.8239999,-92.27629,0.0006584699,-92.60404
1.8269999,-92.46793,-0.0034205464,-92.59429
1.8299999,-92.542465,-0.0045859795,-92.59052
1.8329998,-92.617165,-0.0058679567,-92.59248
1.8359998,-92.7553,-0.006217587,-92.60431
1.8389999,-92.83084,-0.0074995626,-92.62119
1.8419999,-92.79627,-0.007849193,-92.63485
1.8449999,-92.768524,-0.0076161064,-92.64581
1.8479999,-92.95949,-0.0058679567,-92.66965
1.8509998,-92.7502,-0.0048190663,-92.677155
1.8539999,-92.79883,-0.0037701768,-92.68759
1.8569999,-92.87526,-0.0012062233,-92.70257
1.8599999,-92.90522,0.0005419266,-92.71867
1.8629999,-92.76863,0.003572053,-92.72371
1.8659998,-92.71331,0.0034555097,-92.724525
1.8689998,-92.673256,0.005203659,-92.72213
1.8719999,-92.55272,0.0047374866,-92.71123
1.8749999,-92.4698,0.0045043994,-92.69491
1.8779999,-92.57391,0.0026397062,-92.68708
1.8809999,-92.48439,0.002872793,-92.67314
1.8839998,-92.49442,0.002523163,-92.6606
1.8869998,-92.4447,0.0014742732,-92.64525
1.8899999,-92.41169,0.0010080999,-92.62832
1.8929999,-92.50421,-0.00027387674,-92.619
1.8959999,-92.671486,-0.0030709163,-92.62258
1.8989998,-92.62512,-0.00493561,-92.62297
1.9079999,-92.83625,-0.0041198065,-92.63707
1.9109999,-92.87114,-0.00423635,-92.65433
1.9139999,-92.75194,-0.00213857,-92.66188
1.9169998,-93.02015,-0.0013227668,-92.68817
1.9199998,-92.878136,-0.00027387674,-92.702866
1.9229999,-92.9556,0.0014742732,-92.72212
1.9259999,-92.84006,0.0040382263,-92.73176
1.9289999,-92.74232,0.0048540295,-92.73379
1.9319999,-92.679726,0.006485636,-92.73094
1.9349998,-92.59714,0.008233786,-92.722
1.9379998,-92.50719,0.007884157,-92.707085
1.9409999,-92.352905,0.0055532893,-92.68215
1.9439999,-92.30469,0.0040382263,-92.65516
1.9469999,-92.274574,0.016741449,-92.625244
1.9499998,-92.2099,-0.0016723967,-92.595085
1.9529998,-92.182915,-0.004702523,-92.564896
1.9559999,-92.55321,-0.0066837594,-92.56298
1.9589999,-92.6051,-0.009597343,-92.56535
1.9619999,-92.846344,-0.010413147,-92.58505
1.9649999,-92.83722,-0.009713886,-92.60308
1.9679998,-92.859604,-0.007849193,-92.62158
1.9709998,-92.953224,-0.00528524,-92.64551
1.9739999,-93.04812,-0.002604743,-92.67468
1.9769999,-92.867294,-0.00039041997,-92.6892
1.9799999,-92.96612,0.003222423,-92.70952
1.9829999,-93.10121,0.0046209428,-92.738335
1.9859998,-93.070724,0.0066021793,-92.76329
1.9889998,-92.71831,0.008466872,-92.7615
1.9919999,-92.52756,0.008466872,-92.7461
1.9949999,-92.342026,0.006835266,-92.71835
2.001,-92.24394,0.0029893364,-92.68798
2.004,-92.17064,-0.0009731366,-92.65177
2.007,-92.32219,-0.005751413,-92.62884
2.0099998,-92.70962,-0.009597343,-92.635315
2.0129998,-92.78248,-0.011578579,-92.64701
2.0159998,-92.992325,-0.011928209,-92.67322
2.0189998,-92.74557,-0.011112406,-92.68037
2.0219998,-92.89912,-0.0085484525,-92.697716
2.0249999,-92.85436,-0.0054017827,-92.7105
2.0279999,-92.78743,-0.0038867197,-92.71761
2.031,-92.92651,-0.002604743,-92.734116
2.034,-93.01536,-0.0012062233,-92.75595
2.037,-93.14534,0.0026397062,-92.785416
2.04,-92.96285,0.0055532893,-92.799934
2.0429997,-92.87809,0.005669833,-92.80764
2.0459998,-92.709335,0.006835266,-92.80266
2.0489998,-92.57896,0.0080007,-92.78832
2.0519998,-92.4353,0.006136006,-92.76462
2.0549998,-92.536705,0.003572053,-92.74964
2.0579998,-92.513016,0.0024066197,-92.73382
2.0609999,-92.710945,0.0010080999,-92.73309
2.064,-92.705925,-0.00108968,-92.73236
2.067,-92.64275,-0.002604743,-92.72733
2.07,-92.78758,-0.004352893,-92.73316
2.073,-92.92813,-0.005052153,-92.74886
2.076,-92.84773,-0.0041198065,-92.75787
2.0789998,-92.88371,-0.0034205464,-92.76888
2.0819998,-93.04255,-0.002604743,-92.79057
2.0849998,-92.973366,-0.0017889402,-92.806114
2.0879998,-93.09822,0.00030883987,-92.829475
2.0909998,-93.07188,0.0018239032,-92.849556
2.0939999,-93.00285,0.0040382263,-92.86332
2.097,-92.96279,0.0054367464,-92.87329
2.1,-92.8393,0.007068353,-92.8736
2.103,-92.64965,0.008466872,-92.860016
2.106,-92.49107,0.008117243,-92.83571
2.109,-92.25318,0.0062525496,-92.795715
2.1119998,-92.47337,0.0034555097,-92.77375
2.1149998,-92.47494,0.0014742732,-92.75321
2.1179998,-92.69659,-0.0012062233,-92.74992
2.1209998,-92.67929,-0.00213857,-92.74566
2.1239998,-92.71265,-0.0009731366,-92.743774
2.1269999,-92.85436,-0.0019054832,-92.75227
2.1299999,-92.84846,-0.00027387674,-92.759674
2.133,-92.876724,0.0010080999,-92.76854
2.136,-92.77529,0.0026397062,-92.769455
2.139,-92.80788,0.0034555097,-92.772514
2.142,-92.88766,0.0043878565,-92.781
2.1449997,-92.69601,0.0060194633,-92.77509
2.1479998,-92.75261,0.0048540295,-92.77368
2.1509998,-92.7163,0.0043878565,-92.76981
2.1539998,-92.76255,0.0048540295,-92.769356
2.1569998,-92.6051,0.0033389663,-92.75787
2.1599998,-92.73963,0.003572053,-92.75654
2.1629999,-92.540436,0.0021735332,-92.7412
2.166,-92.64686,0.0010080999,-92.7344
2.169,-92.58692,0.0010080999,-92.72362
2.172,-92.669846,-0.00050696346,-92.71951
2.175,-92.67568,-0.00050696346,-92.71603
2.1779997,-92.86415,-0.00085659337,-92.72628
2.1809998,-92.771904,-4.079005e-5,-92.72932
2.1839998,-92.697,0.0007750131,-92.72672
2.1869998,-92.54961,-0.00027387674,-92.713875
2.1899998,-92.69898,0.0010080999,-92.71211
2.1929998,-92.779366,0.0014742732,-92.71615
2.1959999,-92.79559,0.0018239032,-92.72111
2.199,-92.872894,0.0041547697,-92.73103
2.202,-92.91843,0.0040382263,-92.74381
2.208,-92.94141,0.0060194633,-92.75702
2.211,-92.7463,0.005320203,-92.75609
2.2139997,-92.66055,0.0048540295,-92.74913
2.2169998,-92.54683,0.0043878565,-92.734436
2.2199998,-92.5554,0.0026397062,-92.72132
2.2229998,-92.50994,0.0019404466,-92.70567
2.2259998,-92.51818,-0.00015733328,-92.6917
2.2289999,-92.405846,-0.00108968,-92.67049
2.2319999,-92.59365,-0.0029543734,-92.66403
2.235,-92.59142,-0.0038867197,-92.65789
2.238,-92.81246,-0.0038867197,-92.66789
2.241,-92.91331,-0.0030709163,-92.68456
2.244,-92.947105,-0.00108968,-92.70258
2.2469997,-92.86833,-0.0009731366,-92.71413
2.2499998,-92.907646,0.0007750131,-92.72768
2.2529998,-92.85014,0.0026397062,-92.73618
2.2559998,-92.74562,0.0060194633,-92.73628
2.2589998,-92.72797,0.005320203,-92.735245
2.2619998,-92.66268,0.006369093,-92.729416
2.2649999,-92.60829,0.006136006,-92.72001
2.268,-92.54464,0.0047374866,-92.70673
2.271,-92.61945,0.002523163,-92.69981
2.274,-92.63606,0.0006584699,-92.6947
2.277,-92.61817,-0.00050696346,-92.68876
2.2799997,-92.58412,-0.00039041997,-92.68064
2.2829998,-92.753426,-0.00213857,-92.68533
2.2859998,-92.73098,-0.0037701768,-92.68847
2.2889998,-92.78379,-0.005751413,-92.695564
2.2919998,-92.96238,-0.0054017827,-92.71506
2.2949998,-92.87427,-0.005751413,-92.72737
2.2979999,-92.99952,-0.006217587,-92.748146
2.3009999,-92.99809,-0.0045859795,-92.76756
2.304,-92.87323,-0.0024882,-92.77674
2.307,-93.02788,-0.0009731366,-92.79629
2.31,-93.034744,-4.079005e-5,-92.81523
2.3129997,-93.06548,0.0014742732,-92.8352
2.3159997,-92.95719,0.0040382263,-92.84602
2.3189998,-92.924,0.0038051396,-92.853935
2.3219998,-92.85926,0.0060194633,-92.85644
2.3249998,-92.87638,0.006369093,-92.85993
2.3279998,-92.62256,0.0073014395,-92.84487
2.3309999,-92.58192,0.0083503295,-92.82739
2.3339999,-92.365776,0.008466872,-92.79518
2.34,-92.17554,0.003572053,-92.75366
2.343,-92.18116,-4.079005e-5,-92.7129
2.346,-92.319244,-0.00493561,-92.68471
2.3489997,-92.52487,-0.008315367,-92.673096
2.3519998,-92.87224,-0.010762775,-92.687294
2.3549998,-92.90989,-0.011345492,-92.703636
2.3579998,-93.12948,-0.010296603,-92.73476
2.3609998,-93.24914,-0.007849193,-92.772606
2.3639998,-93.2248,-0.0061010425,-92.80664
2.37,-93.14395,0.00042538322,-92.83511
2.373,-93.2258,0.0022900763,-92.8648
2.376,-93.02161,0.003222423,-92.87829
2.379,-92.89866,0.0043878565,-92.8821
2.3819997,-92.7666,0.0047374866,-92.87615
2.3849998,-92.85855,0.003222423,-92.87725
2.3879998,-92.827545,0.003222423,-92.87601
2.3909998,-92.84773,0.0033389663,-92.87618
2.3939998,-92.72332,0.0018239032,-92.86764
2.3969998,-92.801765,-0.011695123,-92.86719
2.3999999,-92.56241,0.003572053,-92.84706
2.4029999,-92.52364,0.0011246431,-92.82544
2.406,-92.5437,0.0007750131,-92.806274
2.409,-92.68651,-0.00039041997,-92.798386
2.412,-92.77801,-0.0017889402,-92.797615
2.4149997,-92.7403,-0.002604743,-92.794304
2.4179997,-92.90776,-0.0024882,-92.80311
2.4209998,-92.681274,-0.0017889402,-92.79514
2.4239998,-92.821175,-0.00050696346,-92.79733
2.4269998,-92.81762,-4.079005e-5,-92.799095
2.4299998,-92.7666,-0.00050696346,-92.79718
2.4329998,-92.93136,0.0015908164,-92.806816
2.4359999,-92.879585,0.0018239032,-92.81226
2.439,-92.96503,0.0038051396,-92.82325
2.442,-92.82747,0.0019404466,-92.824165
2.445,-92.95127,0.003921683,-92.83358
2.4479997,-92.783165,0.0048540295,-92.83035
2.4509997,-92.70128,0.003921683,-92.82155
2.4539998,-92.78072,0.003222423,-92.81894
2.4569998,-92.63033,-0.00015733328,-92.80621
2.4599998,-92.76477,0.00030883987,-92.80362
2.4629998,-92.88618,-0.0019054832,-92.81017
2.4659998,-92.89875,-0.0009731366,-92.81717
2.4689999,-93.09236,-0.00050696346,-92.837616
2.472,-93.05763,0.0027562499,-92.85409
2.478,-92.88824,0.0026397062,-92.85972
2.481,-92.65488,0.0055532893,-92.84575
2.4839997,-92.710655,0.007884157,-92.83604
2.4869998,-92.557396,0.0080007,-92.81578
2.4899998,-92.513016,0.0076510687,-92.79334
2.4929998,-92.384186,0.006718723,-92.762886
2.4959998,-92.432465,0.0047374866,-92.73766
2.4989998,-92.52643,0.0021735332,-92.72079
2.5019999,-92.53968,-4.079005e-5,-92.70604
2.5049999,-92.54037,-0.0033040033,-92.692604